<?xml version="1.0" encoding="UTF-8" standalone="yes"?>
<env>
	<time messageId="17853057" msgTime="2020-06-10 4:00PM">
		<hotel messageType="NEW" roomID="AA211" flrNum="2" brNum="1" vacancy="1">
			<roomData>
				<roomId>AA211</roomId>
				<flrNum>2</flrNum>
				<brNum>1</brNum>
				<vacancy>1</vacancy>
				<tempControl>NON-ACTIVE</tempControl>
				<tlc>2020-06-10 3:51PM</tlc>
				<cReq>1</cReq>
				<bedNum>2</bedNum>
				<sReq>0</sReq>
			</roomData>
		</hotel>
	</time>
</env>
